{
    "$persistence_header": {
        "bfbs": "./bfbs/cfg.bfbs",
        "version": "0.0.2"
    },
    "$schema": "./types/cfg_schema.json",
    "axisProfileName": "",
    "devErrReaction": {
        "devNotFollowing": {
            "errReaction": "SEVERE_ERROR"
        },
        "estopSettings": {
            "estopToDevCriticalErr": "ESTOP_AXIS_LIMIT",
            "estopToDevFatalErr": "ESTOP_AXIS_LIMIT",
            "estopToDevLightErr": "ESTOP_AXIS_LIMIT",
            "estopToFieldbusErr": "ESTOP_AXIS_LIMIT",
            "estopToNoDevErr": "ESTOP_AXIS_LIMIT",
            "estopToNoDeviceInfo": "ESTOP_AXIS_LIMIT"
        },
        "userEstopLim": {
            "dec": 2.0,
            "decUnit": "m/s^2",
            "jrkDec": 0.0,
            "jrkDecUnit": "m/s^3"
        }
    },
    "functions": {
        "axsCfgCyclicStatusData": {
            "remanent": false,
            "windows": {
                "inPos": 0.01,
                "inPosUnit": "mm",
                "inTrq": 10.0,
                "inTrqUnit": "Nm",
                "inVel": 10.0,
                "inVelUnit": "mm/min",
                "standstill": 10.0,
                "standstillUnit": "mm/min"
            }
        },
        "axsCfgDriveSLS": {
            "enableFlag": false,
            "vel": 60.0,
            "velUnit": "mm/min"
        },
        "axsEncoder": {
            "cutoffFrq": 250.0,
            "cutoffFrqUnit": "Hz",
            "feedConst": 10.0,
            "feedConstUnit": "mm",
            "filterType": "NONE",
            "inputRevLoadGear": 1,
            "outputRevLoadGear": 1,
            "resolution": 1048576
        },
        "coupling": {
            "gantry": {
                "isMember": false,
                "moveAllowed": false,
                "multiBrakeDyn": false
            },
            "syncmotion": {
                "dynSynchronisation": {
                    "limits": {
                        "acc": 0.0,
                        "accUnit": "m/s^2",
                        "dec": 0.0,
                        "decUnit": "m/s^2",
                        "jrkAcc": 0.0,
                        "jrkAccUnit": "m/s^3",
                        "jrkDec": 0.0,
                        "jrkDecUnit": "m/s^3",
                        "velNeg": 0.0,
                        "velNegUnit": "mm/min",
                        "velPos": 0.0,
                        "velPosUnit": "mm/min"
                    },
                    "method": "TWO_STEP",
                    "syncWindowModulo": 0.0,
                    "syncWindowModuloExtended": {
                        "syncWindowModulo": 0.0,
                        "syncWindowModuloUnit": "mm"
                    }
                },
                "errorReaction": {
                    "slaveLimitsExceeded": {
                        "diagnosis": "WARNING",
                        "type": "TRY_TO_RESYNC"
                    }
                }
            }
        },
        "extrapolation": {
            "extrapolateActual": false,
            "extrapolationTime": 0.0,
            "extrapolationTimeUnit": "s"
        },
        "posMode": {
            "targetPosWindowModulo": 0.0,
            "targetPosWindowModuloUnit": "mm"
        }
    },
    "kinProperties": {
        "accReserve": 0.2,
        "jrkReserve": 1.0
    },
    "limits": {
        "acc": 2.0,
        "accUnit": "m/s^2",
        "dec": 2.0,
        "decUnit": "m/s^2",
        "jrkAcc": 0.0,
        "jrkAccUnit": "m/s^3",
        "jrkDec": 0.0,
        "jrkDecUnit": "m/s^3",
        "posMax": 1000.0,
        "posMaxUnit": "mm",
        "posMin": -1000.0,
        "posMinUnit": "mm",
        "velNeg": 6000.0,
        "velNegUnit": "mm/min",
        "velPos": 6000.0,
        "velPosUnit": "mm/min"
    },
    "objectType": "Axis",
    "properties": {
        "axsCategory": {
            "axsCategory": "DRIVEAXS"
        },
        "axsType": "LINEAR",
        "modulo": false,
        "moduloValue": 360.0,
        "moduloValueUnit": "mm"
    },
    "rtInputs": {
        "doubleArraySize": 20,
        "int64ArraySize": 0
    },
    "units": {
        "default": [
            {
                "abbreviation": "mm",
                "valueType": "position+length"
            },
            {
                "abbreviation": "mm/min",
                "valueType": "velocity"
            },
            {
                "abbreviation": "m/s^2",
                "valueType": "acceleration"
            },
            {
                "abbreviation": "m/s^3",
                "valueType": "jerk"
            },
            {
                "abbreviation": "N",
                "valueType": "force"
            },
            {
                "abbreviation": "Nm",
                "valueType": "torque"
            },
            {
                "abbreviation": "s",
                "valueType": "time"
            },
            {
                "abbreviation": "Hz",
                "valueType": "frequency"
            }
        ]
    }
}