{
"$schema": "https://json-schema.org/draft/2019-09/schema",
"definitions": {
"motion_core_fbtypes_FeedGroup" : {
"type" : "string",
"enum": ["FG_XYZ", "FG_XYZ_O", "FG_XYZ_A", "FG_XYZ_O_A"]
},
"motion_core_fbtypes_FeedGroupSettings" : {
"type" : "object",
"properties" : {
"type" : {
"$ref" : "#/definitions/motion_core_fbtypes_FeedGroup",
"default" : "FG_XYZ"
}
},
"additionalProperties" : false
},
"motion_core_fbtypes_KinCfg" : {
"type" : "object",
"description" : "complete configuration of a single kinematics",
"properties" : {
"objectType" : {
"type" : "string",
"description" : "object type (must be \"Kinematics\"), required for save/load"
},
"limits" : {
"$ref" : "#/definitions/motion_core_fbtypes_KinCfgLimits",
"description" : "all configured limits of this kinematics"
},
"axsCfg" : {
"type" : "array", "items" : {"$ref" : "#/definitions/motion_core_fbtypes_KinCfgAxs"},
"description" : "data of all axes, that can be added to this kinematics"
},
"mcs" : {
"$ref" : "#/definitions/motion_core_fbtypes_KinCfgJntTrafoAllSets",
"description" : "configuration of all joint transformations (ACS <--> MCS)"
},
"units" : {
"$ref" : "#/definitions/motion_core_fbtypes_UnitCfgKin",
"description" : "general unit configuration of this kinematics"
},
"prepLimits" : {
"$ref" : "#/definitions/motion_core_fbtypes_KinCfgPrepLimits",
"description" : "preparation limits of a kinematics"
},
"rtInputs" : {
"$ref" : "#/definitions/motion_core_fbtypes_RTInputsCfg",
"description" : "configuration of the real-time inputs of the kinematics"
},
"dynamics" : {
"$ref" : "#/definitions/motion_core_fbtypes_KinCfgDynamics",
"description" : "configuration of the dynamics of the kinematics"
},
"geometry" : {
"$ref" : "#/definitions/motion_core_fbtypes_KinGeoCfg",
"description" : "configuration of the geometry functions of the kinematics"
},
"functions" : {
"$ref" : "#/definitions/motion_core_fbtypes_KinCfgFunctions",
"description" : "configuration for specific functions of this axis"
}
},
"additionalProperties" : false
},
"motion_core_fbtypes_KinCfgAxs" : {
"type" : "object",
"description" : "configuration of an axis that can be added to a kinematics",
"properties" : {
"axsName" : {
"type" : "string",
"description" : "name of the axis"
},
"axsMeaning" : {
"type" : "string",
"description" : "DEPRECATED; (geometric) meaning of the axis in the kinematics when added (only useful for simple Cartesian kinematics); use \"acsIndex\" for all other cases and leave this out"
},
"axsDir" : {
"type" : "string",
"description" : "direction (\"+\" or \"-\") of the axis referring to the kinematics coordinate system"
},
"acsIndex" : {
"type" : "integer", "minimum" : 0, "maximum" :255,
"description" : "index of the axis in the ACS (axis coordinate system) array of the kinematics (value 255 means \"use the axsMeaning\")",
"default" : 255
}
},
"additionalProperties" : false
},
"motion_core_fbtypes_KinCfgDriveSLS" : {
"type" : "object",
"description" : "Configuration of motion kernel monitoring and reaction of drive function 'safe limited speed'",
"properties" : {
"vel" : {
"type" : "number",
"description" : "velocity limit for the kinematic in the motion kernel, when drive function 'safe limited speed' of an axis is active",
"default" : 0.0
},
"velUnit" : {
"type" : "string",
"description" : "unit of vel"
}
},
"additionalProperties" : false
},
"motion_core_fbtypes_KinCfgDynamics" : {
"type" : "object",
"description" : "preparation limits for kinematics",
"properties" : {
"feedGroup" : {
"$ref" : "#/definitions/motion_core_fbtypes_FeedGroupSettings",
"description" : "name of the default feedGroup that should be used to define the path parameter (default FG_XYZ)\npossible feedGroups are: \"FG_XYZ\", \"FG_XYZ_O\", \"FG_XYZ_A\", \"FG_XYZ_O_A\""
}
},
"additionalProperties" : false
},
"motion_core_fbtypes_KinCfgFunctions" : {
"type" : "object",
"description" : "configuration for specific functions of this axis",
"properties" : {
"kinCfgDriveSLS" : {
"$ref" : "#/definitions/motion_core_fbtypes_KinCfgDriveSLS",
"description" : "configuration of monitoring of the safe limited speed in the drive by the motion kernel"
}
},
"additionalProperties" : false
},
"motion_core_fbtypes_KinCfgJntTrafoAllParam" : {
"type" : "object",
"description" : "configuration parameter of a single joint transformation",
"properties" : {
"axisAssignment" : {
"$ref" : "#/definitions/motion_core_fbtypes_KinCfgJntTrafoAxisAssignment",
"description" : "axis assignment"
},
"groups" : {
"type" : "array", "items" : {"$ref" : "#/definitions/motion_core_fbtypes_KinCfgJntTrafoParamGroup"},
"description" : "all configuration parameter groups of this joint transformation"
},
"axisOffsets" : {
"$ref" : "#/definitions/motion_core_fbtypes_KinCfgJntTrafoAxisOffsets",
"description" : "axis zero point offsets"
}
},
"additionalProperties" : false
},
"motion_core_fbtypes_KinCfgJntTrafoAllParamGrps" : {
"type" : "object",
"description" : "configuration parameter of a joint transformation",
"properties" : {
"groups" : {
"type" : "array", "items" : {"$ref" : "#/definitions/motion_core_fbtypes_KinCfgJntTrafoParamGroup"},
"description" : "all configuration parameter groups of this joint transformation"
}
},
"additionalProperties" : false
},
"motion_core_fbtypes_KinCfgJntTrafoAllSets" : {
"type" : "object",
"description" : "configuration values of all joint transformation sets",
"properties" : {
"axsTrafoSets" : {
"type" : "array", "items" : {"$ref" : "#/definitions/motion_core_fbtypes_KinCfgJntTrafoSet"},
"description" : "configuration values of all joint transformation sets"
}
},
"additionalProperties" : false
},
"motion_core_fbtypes_KinCfgJntTrafoAxisAssignment" : {
"type" : "object",
"description" : "data of a all axis assignments for a joint transformation",
"properties" : {
"assignment" : {
"type" : "array", "items" : {"$ref" : "#/definitions/motion_core_fbtypes_KinCfgJntTrafoSingleAxisAssignment"},
"description" : "assignment as pairs of <axis name; ACS index>"
}
},
"additionalProperties" : false
},
"motion_core_fbtypes_KinCfgJntTrafoAxisOffsets" : {
"type" : "object",
"description" : "data of a all axis zero point offsets for a joint transformation",
"properties" : {
"offsets" : {
"type" : "array", "items" : {"$ref" : "#/definitions/motion_core_fbtypes_KinCfgJntTrafoSingleAxisOffset"},
"description" : "assignment as pairs of <axis object name; zero point offset>"
}
},
"additionalProperties" : false
},
"motion_core_fbtypes_KinCfgJntTrafoParamGroup" : {
"type" : "object",
"description" : "configuration of a single parameter group of a joint transformation",
"properties" : {
"name" : {
"type" : "string",
"description" : "name of the parameter group"
},
"param" : {
"type" : "array", "items" : {"$ref" : "#/definitions/motion_core_fbtypes_KinCfgJntTrafoSingleParam"},
"description" : "all configuration parameter of this group"
}
},
"additionalProperties" : false
},
"motion_core_fbtypes_KinCfgJntTrafoSet" : {
"type" : "object",
"description" : "data of a single joint transformation set",
"properties" : {
"name" : {
"type" : "string",
"description" : "name of the joint transformation set"
},
"jntTrafo" : {
"type" : "string",
"description" : "name of the joint transformation"
},
"param" : {
"$ref" : "#/definitions/motion_core_fbtypes_KinCfgJntTrafoAllParam",
"description" : "configuration parameter of the joint transformation"
},
"uiData" : {
"type" : "string",
"description" : "user interface data of the joint transformation"
}
},
"additionalProperties" : false
},
"motion_core_fbtypes_KinCfgJntTrafoSingleAxisAssignment" : {
"type" : "object",
"description" : "data of a single axis assignment for a joint transformation",
"properties" : {
"axisName" : {
"type" : "string",
"description" : "axis name referring to the joint transformation"
},
"indexACS" : {
"type" : "integer", "minimum" : 0, "maximum" :255,
"description" : "index of the ACS array",
"default" : 0
}
},
"additionalProperties" : false
},
"motion_core_fbtypes_KinCfgJntTrafoSingleAxisOffset" : {
"type" : "object",
"description" : "data of a single axis zero point offset for a joint transformation",
"properties" : {
"axisName" : {
"type" : "string",
"description" : "axis object name as configured in the ctrlX MOTION"
},
"zeroOffset" : {
"type" : "number",
"description" : "zero point offset of the axis (is used, when the axis is grouped in the kinematics and used as trafo axis in the joint transformation)\noffset is subtracted from the axis position in the forward transformation before it is given to the joint transformation",
"default" : 0.0
},
"zeroOffsetUnit" : {
"type" : "string",
"description" : "unit of zero point offset"
},
"valid" : {
"type" : "boolean",
"description" : "READ ONLY: indicates, if the information is valid; it can be invalid, when the axis with axisName does not exists;\nthen, the informations here can not be used (especially unit scaling relies on axis configuration)",
"default" : false
}
},
"additionalProperties" : false
},
"motion_core_fbtypes_KinCfgJntTrafoSingleParam" : {
"type" : "object",
"description" : "configuration of a single parameter of a joint transformation",
"properties" : {
"name" : {
"type" : "string",
"description" : "name of the parameter"
},
"valueDouble" : {
"type" : "number",
"description" : "value of the parameter (when it's a double value)",
"default" : 0.0
},
"valueInt" : {
"type" : "integer", "minimum" : -9223372036854775808, "maximum" : 9223372036854775807,
"description" : "value of the parameter (when it's a integer value)",
"default" : 0
},
"valueString" : {
"type" : "string",
"description" : "value of the parameter (when it's a string value)"
},
"unit" : {
"type" : "string",
"description" : "unit of the parameter"
}
},
"additionalProperties" : false
},
"motion_core_fbtypes_KinCfgLimits" : {
"type" : "object",
"description" : "all configured limits of this kinematics",
"properties" : {
"vel" : {
"type" : "number",
"description" : "path velocity limit (should be greater than zero)",
"default" : 0.0
},
"acc" : {
"type" : "number",
"description" : "path acceleration limit (should be greater than zero)",
"default" : 0.0
},
"dec" : {
"type" : "number",
"description" : "path deceleration limit (should be greater than zero)",
"default" : 0.0
},
"jrkAcc" : {
"type" : "number",
"description" : "path acceleration jerk limit (should be greater than zero OR zero for not jerk limited motion)",
"default" : 0.0
},
"jrkDec" : {
"type" : "number",
"description" : "path deceleration jerk limit (should be greater than zero OR zero for not jerk limited motion)",
"default" : 0.0
},
"velUnit" : {
"type" : "string",
"description" : "unit of vel"
},
"accUnit" : {
"type" : "string",
"description" : "unit of acc"
},
"decUnit" : {
"type" : "string",
"description" : "unit of dec"
},
"jrkAccUnit" : {
"type" : "string",
"description" : "unit of jrkAcc"
},
"jrkDecUnit" : {
"type" : "string",
"description" : "unit of jrkDec"
}
},
"additionalProperties" : false
},
"motion_core_fbtypes_KinCfgPrepLimits" : {
"type" : "object",
"description" : "preparation limits for kinematics",
"properties" : {
"maxCmdsInBuffer" : {
"type" : "integer", "minimum" : 0, "maximum" : 18446744073709551615,
"description" : "maximum number of commands in buffer",
"default" : 0
}
},
"additionalProperties" : false
},
"motion_core_fbtypes_KinCfgRotToLinConversion" : {
"type" : "object",
"description" : "common configuration of orientation. Conversion factor for the relation between linear values and rotation values.",
"properties" : {
"factor" : {
"type" : "number",
"description" : "factor = (linear value)/(rotational value)",
"default" : 0.0
},
"unit_lin" : {
"type" : "string",
"description" : "unit for linear"
},
"unit_rot" : {
"type" : "string",
"description" : "unit for rotation"
}
},
"additionalProperties" : false
},
"motion_core_fbtypes_KinCfgSingularity" : {
"type" : "object",
"description" : "configuration for singularity handling",
"properties" : {
"epsilon" : {
"type" : "number",
"description" : "epsilon for singularity handling",
"default" : 10.0
},
"epsilonUnit" : {
"type" : "string",
"description" : "unit of the epsilon for singularity handling"
}
},
"additionalProperties" : false
},
"motion_core_fbtypes_KinGeoCfg" : {
"type" : "object",
"description" : "common configuration of orientation",
"properties" : {
"orientation" : {
"$ref" : "#/definitions/motion_core_fbtypes_KinOriCfg",
"description" : "orientation config"
},
"singularity" : {
"$ref" : "#/definitions/motion_core_fbtypes_KinCfgSingularity",
"description" : "configuration for singularity handling"
}
},
"additionalProperties" : false
},
"motion_core_fbtypes_KinOriCfg" : {
"type" : "object",
"description" : "common configuration of orientation",
"properties" : {
"effective_radius" : {
"$ref" : "#/definitions/motion_core_fbtypes_KinOriRadius",
"description" : "DEPRECATED; Do not use! Values in this structure are ignored."
},
"lim" : {
"$ref" : "#/definitions/motion_core_fbtypes_KinCfgLimits",
"description" : "max orientation vel"
},
"units" : {
"$ref" : "#/definitions/motion_core_fbtypes_UnitCfgObj",
"description" : "general orientation unit configuration of this kinematics"
},
"rotToLinConversion" : {
"$ref" : "#/definitions/motion_core_fbtypes_KinCfgRotToLinConversion",
"description" : "Rotation to Linear conversion factor"
}
},
"additionalProperties" : false
},
"motion_core_fbtypes_KinOriRadius" : {
"type" : "object",
"description" : "DEPRECATED; Do not use! Values in this structure are ignored.\ncommon configuration of orientation. Effective radius as factor for the relation between position to orientation.",
"properties" : {
"radius" : {
"type" : "number",
"description" : "radius = (linear value)/(rotational value)",
"default" : 0.0
},
"unit_lin" : {
"type" : "string",
"description" : "unit for linear"
},
"unit_rot" : {
"type" : "string",
"description" : "unit for rotation"
}
},
"additionalProperties" : false
},
"motion_core_fbtypes_RTInputsCfg" : {
"type" : "object",
"description" : "common configuration of real-time inputs",
"properties" : {
"doubleArraySize" : {
"type" : "integer", "minimum" : 0, "maximum" : 4294967295,
"description" : "size of the double array",
"default" : 0
},
"int64ArraySize" : {
"type" : "integer", "minimum" : 0, "maximum" : 4294967295,
"description" : "size of the int64 array",
"default" : 0
}
},
"additionalProperties" : false
},
"motion_core_fbtypes_UnitCfgKin" : {
"type" : "object",
"description" : "General unit configuration for a kinematics object",
"properties" : {
"default" : {
"type" : "array", "items" : {"$ref" : "#/definitions/motion_core_fbtypes_UnitCfgObjSingle"},
"description" : "default units"
},
"position" : {
"type" : "array", "items" : {"type" : "string"},
"description" : "position unit abbreviations (must be 16 entries)"
}
},
"additionalProperties" : false
},
"motion_core_fbtypes_UnitCfgObj" : {
"type" : "object",
"description" : "General unit configuration for a motion object",
"properties" : {
"default" : {
"type" : "array", "items" : {"$ref" : "#/definitions/motion_core_fbtypes_UnitCfgObjSingle"},
"description" : "default units"
}
},
"additionalProperties" : false
},
"motion_core_fbtypes_UnitCfgObjSingle" : {
"type" : "object",
"description" : "Single entry of the general unit configuration for a motion object",
"properties" : {
"valueType" : {
"type" : "string",
"description" : "the unit value type of the entry (position, velocity, jerk, ...)"
},
"abbreviation" : {
"type" : "string",
"description" : "abbreviation of the unit (as it will being used in flatbuffers and files)"
}
},
"required" : ["valueType"],
"additionalProperties" : false
}
},
"$ref" : "#/definitions/motion_core_fbtypes_KinCfg"
}
