{
  "Name": "Device",
  "IconName": null,
  "EcadId": "",
  "TypeName": "_3S.CoDeSys.DeviceObject.DeviceObject",
  "Type": 4096,
  "Id": "1001 0081",
  "ModuleId": null,
  "Version": "2.6.40.0",
  "ObjectGuid": "2401bbfe-ab32-41de-a472-6f5f90e27526",
  "SlotIndex": 0,
  "Inputs": null,
  "Outputs": null,
  "StructuralItems": [
    {
      "Name": "PLC Logic",
      "IconName": null,
      "EcadId": null,
      "TypeName": "_3S.CoDeSys.PlcLogicObject.PlcLogicObject",
      "Type": 0,
      "Id": null,
      "ModuleId": null,
      "Version": null,
      "ObjectGuid": "0a2eee71-253a-47d4-ae39-d1afbba7cc84",
      "SlotIndex": 0,
      "Inputs": null,
      "Outputs": null,
      "StructuralItems": [
        {
          "Name": "Application",
          "IconName": null,
          "EcadId": null,
          "TypeName": "_3S.CoDeSys.ApplicationObject.ApplicationObject",
          "Type": 0,
          "Id": null,
          "ModuleId": null,
          "Version": null,
          "ObjectGuid": "3017c91b-09b0-49d4-ba55-fec8a6bc925b",
          "SlotIndex": 0,
          "Inputs": null,
          "Outputs": null,
          "StructuralItems": [
            {
              "Name": "Library Manager",
              "IconName": null,
              "EcadId": null,
              "TypeName": "_3S.CoDeSys.LibManObject.LibManObject",
              "Type": 0,
              "Id": null,
              "ModuleId": null,
              "Version": null,
              "ObjectGuid": "718151f9-39d9-42ea-a834-393598e2274d",
              "SlotIndex": 0,
              "Inputs": null,
              "Outputs": null,
              "StructuralItems": []
            },
            {
              "Name": "PLC_PRG",
              "IconName": null,
              "EcadId": null,
              "TypeName": "_3S.CoDeSys.POUObject.POUObject",
              "Type": 0,
              "Id": null,
              "ModuleId": null,
              "Version": null,
              "ObjectGuid": "1842666b-8006-4ee0-b3f5-714910e8b56c",
              "SlotIndex": 0,
              "Inputs": null,
              "Outputs": null,
              "StructuralItems": []
            },
            {
              "Name": "Task Configuration",
              "IconName": null,
              "EcadId": null,
              "TypeName": "_3S.CoDeSys.TaskConfigObject.TaskConfigObject",
              "Type": 0,
              "Id": null,
              "ModuleId": null,
              "Version": null,
              "ObjectGuid": "1661abec-860c-4a6c-9fc0-48f38d71f83d",
              "SlotIndex": 0,
              "Inputs": null,
              "Outputs": null,
              "StructuralItems": [
                {
                  "Name": "MainTask",
                  "IconName": null,
                  "EcadId": null,
                  "TypeName": "_3S.CoDeSys.TaskObject.TaskObject",
                  "Type": 0,
                  "Id": null,
                  "ModuleId": null,
                  "Version": null,
                  "ObjectGuid": "23aba654-8fb9-4fb6-b78b-3e0f52ef362a",
                  "SlotIndex": 0,
                  "Inputs": null,
                  "Outputs": null,
                  "StructuralItems": [
                    {
                      "Name": "PLC_PRG",
                      "IconName": null,
                      "EcadId": null,
                      "TypeName": "_3S.CoDeSys.TaskObject.TaskPOUCallObject",
                      "Type": 0,
                      "Id": null,
                      "ModuleId": null,
                      "Version": null,
                      "ObjectGuid": "8c8c16e3-a112-4c54-91d4-cf656b1a0bcc",
                      "SlotIndex": 0,
                      "Inputs": null,
                      "Outputs": null,
                      "StructuralItems": []
                    }
                  ]
                },
                {
                  "Name": "ENIPAdapterServiceTask",
                  "IconName": null,
                  "EcadId": null,
                  "TypeName": "_3S.CoDeSys.TaskObject.TaskObject",
                  "Type": 0,
                  "Id": null,
                  "ModuleId": null,
                  "Version": null,
                  "ObjectGuid": "c5eb1ea3-dc74-4ba4-9a45-f5c92cd765bc",
                  "SlotIndex": 0,
                  "Inputs": null,
                  "Outputs": null,
                  "StructuralItems": [
                    {
                      "Name": "EtherNet_IP_Adapter.ServiceCycle",
                      "IconName": null,
                      "EcadId": null,
                      "TypeName": "_3S.CoDeSys.TaskObject.TaskPOUCallObject",
                      "Type": 0,
                      "Id": null,
                      "ModuleId": null,
                      "Version": null,
                      "ObjectGuid": "e9e81a9c-fb3d-4f6e-acf0-c17a65cf5b37",
                      "SlotIndex": 0,
                      "Inputs": null,
                      "Outputs": null,
                      "StructuralItems": []
                    }
                  ]
                },
                {
                  "Name": "ENIPAdapterIOTask",
                  "IconName": null,
                  "EcadId": null,
                  "TypeName": "_3S.CoDeSys.TaskObject.TaskObject",
                  "Type": 0,
                  "Id": null,
                  "ModuleId": null,
                  "Version": null,
                  "ObjectGuid": "c76527ef-8b91-4e61-835b-7925bdabdb98",
                  "SlotIndex": 0,
                  "Inputs": null,
                  "Outputs": null,
                  "StructuralItems": [
                    {
                      "Name": "EtherNet_IP_Adapter.IOCycle",
                      "IconName": null,
                      "EcadId": null,
                      "TypeName": "_3S.CoDeSys.TaskObject.TaskPOUCallObject",
                      "Type": 0,
                      "Id": null,
                      "ModuleId": null,
                      "Version": null,
                      "ObjectGuid": "936cacf1-0236-4075-817c-0695925d0958",
                      "SlotIndex": 0,
                      "Inputs": null,
                      "Outputs": null,
                      "StructuralItems": []
                    },
                    {
                      "Name": "PRG_RTDatalayer_PLC_RT",
                      "IconName": null,
                      "EcadId": null,
                      "TypeName": "_3S.CoDeSys.TaskObject.TaskPOUCallObject",
                      "Type": 0,
                      "Id": null,
                      "ModuleId": null,
                      "Version": null,
                      "ObjectGuid": "1c086fcd-c740-45e0-900b-dc0d622909bf",
                      "SlotIndex": 0,
                      "Inputs": null,
                      "Outputs": null,
                      "StructuralItems": []
                    }
                  ]
                }
              ]
            },
            {
              "Name": "CheckFunctions",
              "IconName": null,
              "EcadId": null,
              "TypeName": "_3S.CoDeSys.DefaultNavigators.FolderObject",
              "Type": 0,
              "Id": null,
              "ModuleId": null,
              "Version": null,
              "ObjectGuid": "cf3f32a6-e1a9-443d-b97e-f88ccd002c49",
              "SlotIndex": 0,
              "Inputs": null,
              "Outputs": null,
              "StructuralItems": [
                {
                  "Name": "CheckBounds",
                  "IconName": null,
                  "EcadId": null,
                  "TypeName": "_3S.CoDeSys.POUObject.POUObjectCheckFunction",
                  "Type": 0,
                  "Id": null,
                  "ModuleId": null,
                  "Version": null,
                  "ObjectGuid": "5c57242d-0abc-44e9-a367-983e29473911",
                  "SlotIndex": 0,
                  "Inputs": null,
                  "Outputs": null,
                  "StructuralItems": []
                },
                {
                  "Name": "CheckDivDInt",
                  "IconName": null,
                  "EcadId": null,
                  "TypeName": "_3S.CoDeSys.POUObject.POUObject",
                  "Type": 0,
                  "Id": null,
                  "ModuleId": null,
                  "Version": null,
                  "ObjectGuid": "58c0f176-f4bb-46bb-8dab-1ed03dd53ad8",
                  "SlotIndex": 0,
                  "Inputs": null,
                  "Outputs": null,
                  "StructuralItems": []
                },
                {
                  "Name": "CheckDivLInt",
                  "IconName": null,
                  "EcadId": null,
                  "TypeName": "_3S.CoDeSys.POUObject.POUObject",
                  "Type": 0,
                  "Id": null,
                  "ModuleId": null,
                  "Version": null,
                  "ObjectGuid": "609648a1-2e58-455b-9c4e-d880496e9f4a",
                  "SlotIndex": 0,
                  "Inputs": null,
                  "Outputs": null,
                  "StructuralItems": []
                },
                {
                  "Name": "CheckDivLReal",
                  "IconName": null,
                  "EcadId": null,
                  "TypeName": "_3S.CoDeSys.POUObject.POUObject",
                  "Type": 0,
                  "Id": null,
                  "ModuleId": null,
                  "Version": null,
                  "ObjectGuid": "9803d488-e75a-4e11-a200-6e673d6e224f",
                  "SlotIndex": 0,
                  "Inputs": null,
                  "Outputs": null,
                  "StructuralItems": []
                },
                {
                  "Name": "CheckDivReal",
                  "IconName": null,
                  "EcadId": null,
                  "TypeName": "_3S.CoDeSys.POUObject.POUObject",
                  "Type": 0,
                  "Id": null,
                  "ModuleId": null,
                  "Version": null,
                  "ObjectGuid": "eeb3df6d-e42d-4119-9c95-6f1833bef139",
                  "SlotIndex": 0,
                  "Inputs": null,
                  "Outputs": null,
                  "StructuralItems": []
                },
                {
                  "Name": "CheckLRangeSigned",
                  "IconName": null,
                  "EcadId": null,
                  "TypeName": "_3S.CoDeSys.POUObject.POUObject",
                  "Type": 0,
                  "Id": null,
                  "ModuleId": null,
                  "Version": null,
                  "ObjectGuid": "8ef16baf-6c68-4fe0-b526-10ef481f2fe5",
                  "SlotIndex": 0,
                  "Inputs": null,
                  "Outputs": null,
                  "StructuralItems": []
                },
                {
                  "Name": "CheckLRangeUnsigned",
                  "IconName": null,
                  "EcadId": null,
                  "TypeName": "_3S.CoDeSys.POUObject.POUObject",
                  "Type": 0,
                  "Id": null,
                  "ModuleId": null,
                  "Version": null,
                  "ObjectGuid": "521ddf74-7d27-4f28-a796-a061adfdde45",
                  "SlotIndex": 0,
                  "Inputs": null,
                  "Outputs": null,
                  "StructuralItems": []
                },
                {
                  "Name": "CheckPointer",
                  "IconName": null,
                  "EcadId": null,
                  "TypeName": "_3S.CoDeSys.POUObject.POUObjectCheckFunction",
                  "Type": 0,
                  "Id": null,
                  "ModuleId": null,
                  "Version": null,
                  "ObjectGuid": "5958a7c4-4190-4632-9e8d-a0514bb4166b",
                  "SlotIndex": 0,
                  "Inputs": null,
                  "Outputs": null,
                  "StructuralItems": []
                },
                {
                  "Name": "CheckRangeSigned",
                  "IconName": null,
                  "EcadId": null,
                  "TypeName": "_3S.CoDeSys.POUObject.POUObject",
                  "Type": 0,
                  "Id": null,
                  "ModuleId": null,
                  "Version": null,
                  "ObjectGuid": "6003db3f-7c51-4503-b0d5-21bc7b4782e5",
                  "SlotIndex": 0,
                  "Inputs": null,
                  "Outputs": null,
                  "StructuralItems": []
                },
                {
                  "Name": "CheckRangeUnsigned",
                  "IconName": null,
                  "EcadId": null,
                  "TypeName": "_3S.CoDeSys.POUObject.POUObject",
                  "Type": 0,
                  "Id": null,
                  "ModuleId": null,
                  "Version": null,
                  "ObjectGuid": "ec010e8d-bce5-4419-adff-2749696bf6d1",
                  "SlotIndex": 0,
                  "Inputs": null,
                  "Outputs": null,
                  "StructuralItems": []
                }
              ]
            },
            {
              "Name": "Symbol Configuration",
              "IconName": null,
              "EcadId": null,
              "TypeName": "_3S.CoDeSys.SymbolConfigObject.SymbolConfigObject",
              "Type": 0,
              "Id": null,
              "ModuleId": null,
              "Version": null,
              "ObjectGuid": "c7cf100c-bf43-42f4-adf2-aab9176a1b24",
              "SlotIndex": 0,
              "Inputs": null,
              "Outputs": null,
              "StructuralItems": []
            },
            {
              "Name": "PLC_RT",
              "IconName": null,
              "EcadId": null,
              "TypeName": "_3S.CoDeSys.GVLObject.GVLObject",
              "Type": 0,
              "Id": null,
              "ModuleId": null,
              "Version": null,
              "ObjectGuid": "2d305302-2944-4138-97c3-84138d342cd4",
              "SlotIndex": 0,
              "Inputs": null,
              "Outputs": null,
              "StructuralItems": []
            },
            {
              "Name": "RTDatalayer_Internal",
              "IconName": null,
              "EcadId": null,
              "TypeName": "_3S.CoDeSys.DefaultNavigators.FolderObject",
              "Type": 0,
              "Id": null,
              "ModuleId": null,
              "Version": null,
              "ObjectGuid": "2e4ccdd8-510c-4676-bd51-e32b6df27805",
              "SlotIndex": 0,
              "Inputs": null,
              "Outputs": null,
              "StructuralItems": [
                {
                  "Name": "Functions",
                  "IconName": null,
                  "EcadId": null,
                  "TypeName": "_3S.CoDeSys.DefaultNavigators.FolderObject",
                  "Type": 0,
                  "Id": null,
                  "ModuleId": null,
                  "Version": null,
                  "ObjectGuid": "57cbd92f-ca68-4e29-a41e-6ff950b36a0c",
                  "SlotIndex": 0,
                  "Inputs": null,
                  "Outputs": null,
                  "StructuralItems": [
                    {
                      "Name": "FB_MemoryMapInit",
                      "IconName": null,
                      "EcadId": null,
                      "TypeName": "_3S.CoDeSys.POUObject.POUObject",
                      "Type": 0,
                      "Id": null,
                      "ModuleId": null,
                      "Version": null,
                      "ObjectGuid": "835e0305-a661-4296-af7b-3ecc2e86460b",
                      "SlotIndex": 0,
                      "Inputs": null,
                      "Outputs": null,
                      "StructuralItems": [
                        {
                          "Name": "FB_Init",
                          "IconName": null,
                          "EcadId": null,
                          "TypeName": "_3S.CoDeSys.MethodObject.POUMethodObject",
                          "Type": 0,
                          "Id": null,
                          "ModuleId": null,
                          "Version": null,
                          "ObjectGuid": "0350855d-164c-4a70-acc2-a338cc311ee0",
                          "SlotIndex": 0,
                          "Inputs": null,
                          "Outputs": null,
                          "StructuralItems": []
                        }
                      ]
                    }
                  ]
                },
                {
                  "Name": "PRG_RTDatalayer_PLC_RT",
                  "IconName": null,
                  "EcadId": null,
                  "TypeName": "_3S.CoDeSys.POUObject.POUObject",
                  "Type": 0,
                  "Id": null,
                  "ModuleId": null,
                  "Version": null,
                  "ObjectGuid": "dbf702d2-0b2f-4458-a85d-c37da79aaf97",
                  "SlotIndex": 0,
                  "Inputs": null,
                  "Outputs": null,
                  "StructuralItems": []
                }
              ]
            }
          ]
        }
      ]
    },
    {
      "Name": "Realtime_Data",
      "IconName": null,
      "EcadId": null,
      "TypeName": "_3S.CoDeSys.DeviceObject.DeviceObject",
      "Type": 42420,
      "Id": "1001 0000",
      "ModuleId": null,
      "Version": "1.8.0.0",
      "ObjectGuid": "8d91771a-9f0e-4827-b0ad-858da8b5649f",
      "SlotIndex": 0,
      "Inputs": null,
      "Outputs": null,
      "StructuralItems": []
    },
    {
      "Name": "Ethernet_XF12",
      "IconName": null,
      "EcadId": null,
      "TypeName": "_3S.CoDeSys.DeviceObject.DeviceObject",
      "Type": 110,
      "Id": "0000 0002",
      "ModuleId": null,
      "Version": "4.2.0.0",
      "ObjectGuid": "14e7c17e-d52e-4bba-89c9-549981bfd2e9",
      "SlotIndex": 0,
      "Inputs": null,
      "Outputs": null,
      "StructuralItems": [
        {
          "Name": "EtherNet_IP_Adapter",
          "IconName": null,
          "EcadId": null,
          "TypeName": "_3S.CoDeSys.DeviceObject.DeviceObject",
          "Type": 120,
          "Id": "0000 1016",
          "ModuleId": null,
          "Version": "4.5.1.0",
          "ObjectGuid": "db85fcb0-d53e-432c-ac28-f123b37f9af7",
          "SlotIndex": 0,
          "Inputs": null,
          "Outputs": null,
          "StructuralItems": [
            {
              "Name": "EtherNet_IP_Module",
              "IconName": null,
              "EcadId": null,
              "TypeName": "_3S.CoDeSys.DeviceObject.DeviceObject",
              "Type": 102,
              "Id": "0000 1016",
              "ModuleId": null,
              "Version": "4.1.0.0",
              "ObjectGuid": "bef8e0e4-6c2b-47f5-990a-9df0816dfe3d",
              "SlotIndex": 0,
              "Inputs": [
                {
                  "Id": 10000,
                  "Name": "Application.PLC_RT.AB_Input",
                  "IecAddress": "%IB0",
                  "Description": "",
                  "Descriptions": []
                }
              ],
              "Outputs": [
                {
                  "Id": 20000,
                  "Name": "",
                  "IecAddress": "%QB0",
                  "Description": "",
                  "Descriptions": null
                }
              ],
              "StructuralItems": []
            }
          ]
        }
      ]
    }
  ]
}