{
  "IsSynced": false,
  "SyncMode": 0,
  "InSyncWithRuntime": false,
  "ApplicationType": "plc",
  "Configuration": "appdata",
  "Solution": "DefaultSolution",
  "ControllerGuid": "2401bbfe-ab32-41de-a472-6f5f90e27526",
  "LastChange": 638732592602672648,
  "MachineName": "MTP-C-0003K",
  "UserName": "GIS2HES",
  "ProjectCompleteFilename": "C:\\Local Projects\\ctrlX PLC Projects\\EIP\\ENIP_Scanner_and_Adapter_2V06.project",
  "CompilerVersion": {
    "Major": 3,
    "Minor": 5,
    "Build": 19,
    "Revision": 70,
    "MajorRevision": 0,
    "MinorRevision": 70
  },
  "OwnVersion": {
    "Major": 1,
    "Minor": 2,
    "Build": 0,
    "Revision": 0,
    "MajorRevision": 0,
    "MinorRevision": 0
  },
  "ProductAdditionalFolder": "Default",
  "ProductProfileName": "ctrlX PLC 2.6.6",
  "ProductId": "ctrlx-plc-engineering",
  "ProductVersion": "2.6.6",
  "ProductVersionText": "PLE-V-0206.6",
  "SyncModeSave": false,
  "SyncModeDownload": false,
  "SyncModeAsk": false,
  "SyncAfterBootApplication": false,
  "SyncOnOpen": false,
  "UserMetaData": {
    "HES-C-00005:bschmidt": {
      "MachineName": "HES-C-00005",
      "UserName": "bschmidt",
      "ProjectCompleteFilename": "C:\\Users\\bschmidt\\Documents\\Data\\Projects\\ctrlX\\ENIP\\ENIP_Adapter.project"
    },
    "WINDEV2404EVAL:User": {
      "MachineName": "WINDEV2404EVAL",
      "UserName": "User",
      "ProjectCompleteFilename": "Z:\\Data\\Projects\\ctrlX\\ENIP\\ENIP_Scanner_and_Adapter_2V06.project"
    },
    "MTP-C-0003K:GIS2HES": {
      "MachineName": "MTP-C-0003K",
      "UserName": "GIS2HES",
      "ProjectCompleteFilename": "C:\\Local Projects\\ctrlX PLC Projects\\EIP\\ENIP_Scanner_and_Adapter_2V06.project"
    }
  },
  "CompileinfoChecksum": null,
  "SyncDescription": false,
  "DeviceId": "1001 0081",
  "DeviceVersion": "2.6.40.0",
  "UseIoHierachy": false
}