{
  "$schema": "https://json-schema.boschrexroth.com/ctrlx-automation/ctrlx-core/solutions/configuration.v1.schema.json",
  "device": "VirtualControl-3-6",
  "user": "boschrexroth",
  "apps": [
    {
      "name": "bare",
      "version": "1.0"
    },
    {
      "name": "core22",
      "version": "20250110"
    },
    {
      "name": "rexroth-arch02-engineering",
      "title": "Hardware Support",
      "version": "3.6.0"
    },
    {
      "name": "rexroth-arch02-virtual-kernel",
      "title": "Virtual Kernel",
      "version": "6.1.80-rt26-ctrlx-44"
    },
    {
      "name": "rexroth-automationcore",
      "title": "Automation Core",
      "version": "3.6.1",
      "appDirectories": [
        {
          "name": "datalayer",
          "description": "Data Layer",
          "icon": "ctrlx-ic-data-layer",
          "copyOnLoad": true
        },
        {
          "name": "scheduler",
          "description": "Scheduler: Tasks, callables and timing settings",
          "icon": "bosch-ic-cycletime-eighth",
          "copyOnLoad": true
        },
        {
          "name": "script",
          "description": "Scripts configurations",
          "icon": "bosch-ic-document-code-stack",
          "copyOnLoad": true
        },
        {
          "name": "scripts",
          "description": "Scripts will be executed by script runner",
          "icon": "bosch-ic-document-code-stack",
          "copyOnLoad": true,
          "writeProtected": false
        },
        {
          "name": "synchronization",
          "description": "Synchronization: Instances",
          "icon": "bosch-ic-clock",
          "copyOnLoad": true
        },
        {
          "name": "trace",
          "description": "Trace: Enabling states - messages, warnings, errors",
          "icon": "bosch-ic-stethoscope",
          "copyOnLoad": true
        }
      ]
    },
    {
      "name": "rexroth-deviceadmin",
      "title": "Device Admin",
      "version": "3.6.1",
      "appDirectories": [
        {
          "name": "diagnosis",
          "description": "Diagnosis settings",
          "icon": "bosch-ic-stethoscope",
          "copyOnLoad": true
        },
        {
          "name": "remote-logging",
          "description": "Log Management settings",
          "icon": "bosch-ic-stethoscope",
          "copyOnLoad": true,
          "writeProtected": false
        }
      ]
    },
    {
      "name": "rexroth-motion",
      "title": "Motion",
      "version": "3.6.0",
      "appDirectories": [
        {
          "name": "axisprofile",
          "description": "Motion: Axis profile configuration",
          "icon": "bosch-ic-directory",
          "copyOnLoad": true,
          "writeProtected": false
        },
        {
          "name": "motion",
          "description": "Motion: Axes and kinematics configuration, coordinate systems and areas",
          "icon": "ctrlx-ic-motion",
          "copyOnLoad": true,
          "writeProtected": false
        }
      ]
    },
    {
      "name": "rexroth-plc",
      "title": "PLC",
      "version": "3.6.0",
      "appDirectories": [
        {
          "name": "plc",
          "description": "PLC: Runtime and optional engineering data",
          "icon": "ctrlx-ic-plc",
          "copyOnLoad": true,
          "writeProtected": true
        },
        {
          "name": "plc/run/linux-gcc-aarch64/data",
          "copyOnLoad": true,
          "writeProtected": false
        },
        {
          "name": "plc/run/linux-gcc-x64/data",
          "copyOnLoad": true,
          "writeProtected": false
        }
      ]
    },
    {
      "name": "rexroth-setup",
      "title": "Setup",
      "version": "3.6.1"
    },
    {
      "name": "rexroth-solutions",
      "title": "Solutions",
      "version": "3.6.0"
    },
    {
      "name": "snapd",
      "version": "2.67"
    }
  ]
}