{
  "$schema": "https://json-schema.boschrexroth.com/ctrlx-automation/ctrlx-core/solutions/configuration.v1.schema.json",
  "device": "ProveIt-ctrlX-X7",
  "user": "boschrexroth",
  "apps": [
    {
      "name": "bare",
      "version": "1.0"
    },
    {
      "name": "core20",
      "title": "Core 20 base snap",
      "version": "20230622"
    },
    {
      "name": "core22",
      "version": "20230801"
    },
    {
      "name": "ctrlx-docker",
      "title": "Container Engine",
      "version": "2.6.0+24.0.5",
      "appDirectories": [
        {
          "name": "docker",
          "description": "Use the Docker(R) technology to deploy your applications in separate containers independently and in different languages. Docker(R) can package an application and its dependencies as image in a virtual container that can run on devices with different operating systems, like Linux and Windows. The ctrlX CORE Container Engine App hosts these applications on ctrlX CORE and allows communication through well-defined interfaces. This App is built by Rexroth based on source code published by Docker, Inc. It is not endorsed or published by Docker, Inc. Please see https://www.docker.com/ for detailed information about the Docker(R) technology and ecosystem. (Docker and the Docker logo are trademarks or registered trademarks of Docker, Inc.)",
          "icon": "bosch-ic-construction",
          "copyOnLoad": true,
          "writeProtected": true
        }
      ]
    },
    {
      "name": "ctrlx-grafana",
      "title": "IoT Dashboard",
      "version": "2.6.0+10.2.3",
      "appDirectories": [
        {
          "name": "IoT-Dashboard",
          "description": "IoT Dashboard configuration",
          "icon": "bosch-ic-desktop-graph",
          "copyOnLoad": true,
          "writeProtected": false
        }
      ]
    },
    {
      "name": "ctrlx-influxdb",
      "title": "InfluxDB",
      "version": "2.6.0+2.7.5",
      "appDirectories": [
        {
          "name": "influxdb",
          "description": "InfluxDB configuration",
          "icon": "bosch-ic-core-data",
          "copyOnLoad": true,
          "writeProtected": false
        }
      ]
    },
    {
      "name": "ctrlx-ixon-ixagent",
      "title": "IXON Cloud Connector for the ctrlX CORE",
      "version": "0.1.21",
      "appDirectories": [
        {
          "name": "IXON Cloud Connector",
          "description": "IXON Cloud Connector",
          "copyOnLoad": true
        }
      ]
    },
    {
      "name": "ctrlx-telegraf",
      "title": "Telegraf",
      "version": "2.6.1+1.29.4",
      "appDirectories": [
        {
          "name": "telegraf",
          "description": "Telegraf configuration",
          "icon": "bosch-ic-chart-line-checkmark",
          "copyOnLoad": true,
          "writeProtected": false
        }
      ]
    },
    {
      "name": "portainer-agent",
      "version": "2.30.1"
    },
    {
      "name": "rexroth-arch02-hw",
      "title": "Hardware Support",
      "version": "2.6.4"
    },
    {
      "name": "rexroth-arch02-kernel",
      "title": "Realtime Kernel",
      "version": "6.1.33-rt11-ctrlx-28.3"
    },
    {
      "name": "rexroth-automationcore",
      "title": "Automation Core",
      "version": "2.6.3",
      "appDirectories": [
        {
          "name": "datalayer",
          "description": "Data Layer",
          "icon": "ctrlx-ic-data-layer",
          "copyOnLoad": true
        },
        {
          "name": "scheduler",
          "description": "Scheduler: Tasks, callables and timing settings",
          "icon": "bosch-ic-cycletime-eighth",
          "copyOnLoad": true
        },
        {
          "name": "script",
          "description": "Scripts configurations",
          "icon": "bosch-ic-document-code-stack",
          "copyOnLoad": true
        },
        {
          "name": "scripts",
          "description": "Scripts will be executed by script runner",
          "icon": "bosch-ic-document-code-stack",
          "copyOnLoad": true,
          "writeProtected": false
        },
        {
          "name": "trace",
          "description": "Trace: Enabling states - messages, warnings, errors",
          "icon": "bosch-ic-stethoscope",
          "copyOnLoad": true
        }
      ]
    },
    {
      "name": "rexroth-deviceadmin",
      "title": "Device Admin",
      "version": "2.6.7",
      "appDirectories": [
        {
          "name": "diagnosis",
          "description": "Diagnosis settings",
          "icon": "bosch-ic-stethoscope",
          "copyOnLoad": true
        },
        {
          "name": "remote-logging",
          "description": "Log Management settings",
          "icon": "bosch-ic-stethoscope",
          "copyOnLoad": true,
          "writeProtected": false
        }
      ]
    },
    {
      "name": "rexroth-firewall",
      "title": "Firewall",
      "version": "2.6.1",
      "appDirectories": [
        {
          "name": "firewall",
          "description": "Firewall configuration data",
          "icon": "bosch-ic-security",
          "copyOnLoad": true,
          "writeProtected": true
        }
      ]
    },
    {
      "name": "rexroth-motion",
      "title": "Motion",
      "version": "2.6.7",
      "appDirectories": [
        {
          "name": "axisprofile",
          "description": "Motion: Axis profile configuration",
          "icon": "bosch-ic-directory",
          "copyOnLoad": true
        },
        {
          "name": "motion",
          "description": "Motion: Axes and kinematics configuration, coordinate systems and areas",
          "icon": "ctrlx-ic-motion",
          "copyOnLoad": true
        }
      ]
    },
    {
      "name": "rexroth-opcua-server",
      "title": "OPC UA Server",
      "version": "2.6.2",
      "appDirectories": [
        {
          "name": "opcuaserver",
          "description": "OPC UA Server: Endpoint configuration, limit values and certificate configuration",
          "icon": "ctrlx-ic-opc-ua",
          "copyOnLoad": true,
          "writeProtected": true
        },
        {
          "name": "opcuaserver/cert-import",
          "copyOnLoad": true,
          "writeProtected": false
        },
        {
          "name": "opcuaserver/companion-config",
          "copyOnLoad": true,
          "writeProtected": false
        },
        {
          "name": "opcuaserver/companion-config/tools",
          "writeProtected": true
        }
      ]
    },
    {
      "name": "rexroth-plc",
      "title": "PLC",
      "version": "2.6.4",
      "appDirectories": [
        {
          "name": "plc",
          "description": "PLC: Runtime and optional engineering data",
          "icon": "ctrlx-ic-plc",
          "copyOnLoad": true,
          "writeProtected": true
        },
        {
          "name": "plc/run/linux-gcc-aarch64/data",
          "copyOnLoad": true,
          "writeProtected": false
        },
        {
          "name": "plc/run/linux-gcc-x64/data",
          "copyOnLoad": true,
          "writeProtected": false
        }
      ]
    },
    {
      "name": "rexroth-setup",
      "title": "Setup",
      "version": "2.6.0"
    },
    {
      "name": "rexroth-solutions",
      "title": "Solutions",
      "version": "2.6.0"
    },
    {
      "name": "rexroth-version-guard",
      "title": "Version Guard",
      "version": "2.6.3"
    },
    {
      "name": "snapd",
      "version": "2.61.2"
    }
  ]
}