{
"$schema": "https://json-schema.org/draft/2019-09/schema",
"definitions": {
"common_scheduler_fbs_CallableWdgConfig" : {
"type" : "string",
"enum": ["WDG_HW_TASK", "WDG_HW", "WDG_NONE", "WDG_DEFAULT"]
},
"common_scheduler_watchdog_errorreaction_fbs_CurrentClass" : {
"type" : "string",
"enum": ["F0", "F6"]
},
"common_scheduler_watchdog_errorreaction_fbs_CurrentConfiguration" : {
"type" : "string",
"enum": ["CONTINUE", "DISABLE"]
},
"common_scheduler_watchdog_fbs_CurrentType" : {
"type" : "string",
"enum": ["CYCLE", "NONE"]
},
"common_scheduler_watchdog_fbs_WatchdogVariant" : {
"type" : "string",
"enum": ["NONE", "Cyclic"]
},
"common_scheduler_fbs_Callable" : {
"type" : "object",
"description" : "Callable, executes a job defined by regarding app",
"properties" : {
"name" : {
"type" : "string",
"description" : "Name of callable factory provided by an installed app"
},
"index" : {
"type" : "integer", "minimum" : 0, "maximum" : 4294967295,
"description" : "Run index to specify the call sequence, alternatively to the use of synchronization points\nNotes:\n- The run index ranges from 1 (high) to maximum of data type (low)\n- Using of run index cause disabling of synchronization points of this callable\n- Using no synchronization points and run index value '0' cause that this callable run together with other, same configured callables, unordered at the end of the task",
"default" : 0
},
"arguments" : {
"type" : "array", "items" : {"type" : "string"},
"description" : "List of arguments to create the callable, for further information see application description of the callable factory"
},
"id" : {
"type" : "string",
"description" : "Callable ID, used as reference, which is assigned automatically by the Scheduler [0-9]+"
},
"alias" : {
"type" : "string",
"description" : "Alias of callable, human readable replacement of callable ID\nThe alias have match to the Data Layer compliance guide lines meaning any alphanumeric character are allowed [a-zA-Z_][a-zA-Z0-9-._]+"
},
"sync" : {
"$ref" : "#/definitions/common_scheduler_fbs_SyncPoints",
"description" : "Synchronization points to specify the call sequence, alternatively to the use of run index\nNotes:\n- Using of run index cause disabling of synchronization points of this callable\n- Using no synchronization points and run index value '0' cause that this callable run together with other, same configured callables, unordered at the end of the task"
},
"watchdog" : {
"$ref" : "#/definitions/common_scheduler_fbs_CallableWdgConfig",
"description" : "Requirement of the callable that a watchdog is present",
"default" : "WDG_DEFAULT"
}
},
"required" : ["name"],
"additionalProperties" : false
},
"common_scheduler_fbs_SyncPoints" : {
"type" : "object",
"description" : "Synchronization points to specify the call sequence, alternatively to the use of run index\nNotes:\n- The names of the synchronization points of a callables have to be unique\n- The names of the synchronization points of a callables have match to the Data Layer compliance guide lines meaning any alphanumeric character are allowed [a-zA-Z_][a-zA-Z0-9-._]+\n- To ensure that other callable can run after or before this callable it's recommended to set at least one synchronization point in each list",
"properties" : {
"after" : {
"type" : "array", "items" : {"type" : "string"},
"description" : "User defined synchronization points, execute callable in order after these points,"
},
"before" : {
"type" : "array", "items" : {"type" : "string"},
"description" : "User defined synchronization points, execute callable in order before these points, any alphanumeric character"
}
},
"additionalProperties" : false
},
"common_scheduler_fbs_Task" : {
"type" : "object",
"description" : "Properties of a task",
"properties" : {
"name" : {
"type" : "string",
"description" : "Name of the task [unique]\nAllowed characters:\nAny alphanumeric character, beginning with a letter and a maximum length of 15 characters [a-zA-Z][a-zA-Z0-9]{1,15}"
},
"priority" : {
"type" : "integer", "minimum" : 0, "maximum" : 4294967295,
"description" : "Priority of the task\nPriority ranges:\n0 ..  10  : reserved for the system\n11 ..  99  : available for real-time user tasks\n100 .. 139  : available for non real-time user tasks\nPriority agreements:\n10         : reserved for Scheduler tick task 'schedMain'\n11         : highest prior real-time task, use of the policy FIFO policy\n23         : high prior real-time task, use of the policy FIFO policy\n29         : mid prior real-time task, use of the policy FIFO policy\n37         : low prior real-time task, use of the policy FIFO policy\n99         : lowest prior real-time task, use of the policy round-robin policy\n100         : highest prior non real-time task, use of the nice value of '-20'\n120         : common used non real-time task, use of the nice value of '0'\n139         : lowest prior non real-time task, use of the nice value of '19'",
"default" : 120
},
"affinity" : {
"type" : "integer", "minimum" : 0, "maximum" : 4294967295,
"description" : "CPU core affinity of the task, defining on which CPU core it is executed, available cores see 'scheduler/admin/info/cpu-cores'",
"default" : 0
},
"stacksize" : {
"type" : "integer", "minimum" : 0, "maximum" : 4294967295,
"description" : "Stack size of the task in [byte]",
"default" : 131072
},
"event" : {
"type" : "string",
"description" : "Execution event of the task [\"cyclic\"]"
},
"cycletime" : {
"type" : "integer", "minimum" : 0, "maximum" : 4294967295,
"description" : "Cycle time of the task in [µs]",
"default" : 20000
}
},
"required" : ["name"],
"additionalProperties" : false
},
"common_scheduler_fbs2_Program" : {
"type" : "object",
"description" : "Composition of callables executed by the task in given sequence",
"properties" : {
"task" : {
"$ref" : "#/definitions/common_scheduler_fbs_Task",
"description" : "Task configuration which executes the program"
},
"callables" : {
"type" : "array", "items" : {"$ref" : "#/definitions/common_scheduler_fbs_Callable"},
"description" : "Composition of callables, executes jobs defined by regarding apps"
},
"watchdog" : {
"$ref" : "#/definitions/common_scheduler_watchdog_fbs_Watchdog",
"description" : "Configuration of task watchdog"
},
"sequence" : {
"type" : "array", "items" : {"type" : "string"},
"description" : "Call sequence of callables within the program [0-9]+"
}
},
"required" : ["task"],
"additionalProperties" : false
},
"common_scheduler_fbs2_Programs" : {
"type" : "object",
"description" : "Composition of programs and available callables factories",
"properties" : {
"programs" : {
"type" : "array", "items" : {"$ref" : "#/definitions/common_scheduler_fbs2_Program"},
"description" : "Composition of programs"
},
"callablePool" : {
"type" : "array", "items" : {"type" : "string"},
"description" : "Collection of available callables factories provided by installed apps"
}
},
"additionalProperties" : false
},
"common_scheduler_watchdog_errorreaction_fbs_Class" : {
"type" : "object",
"description" : "Criticality of task watchdog error which cause a pre-defined error reaction",
"properties" : {
"type" : {
"$ref" : "#/definitions/common_scheduler_watchdog_errorreaction_fbs_CurrentClass",
"description" : "Criticality of task watchdog error which cause a pre-defined error reaction",
"default" : "F6"
}
},
"additionalProperties" : false
},
"common_scheduler_watchdog_errorreaction_fbs_Configuration" : {
"type" : "object",
"description" : "Task behavior in case of a task watchdog occurs",
"properties" : {
"type" : {
"$ref" : "#/definitions/common_scheduler_watchdog_errorreaction_fbs_CurrentConfiguration",
"description" : "Task behavior in case of a task watchdog occurs",
"default" : "CONTINUE"
}
},
"additionalProperties" : false
},
"common_scheduler_watchdog_fbs_Cyclic" : {
"type" : "object",
"properties" : {
"errorCount" : {
"type" : "integer", "minimum" : 0, "maximum" : 4294967295,
"default" : 0
},
"reset" : {
"type" : "boolean",
"default" : false
},
"errorReaction" : {
"$ref" : "#/definitions/common_scheduler_watchdog_fbs_ErrorReaction"
}
},
"additionalProperties" : false
},
"common_scheduler_watchdog_fbs_ErrorReaction" : {
"type" : "object",
"properties" : {
"class" : {
"$ref" : "#/definitions/common_scheduler_watchdog_errorreaction_fbs_Class"
},
"configuration" : {
"$ref" : "#/definitions/common_scheduler_watchdog_errorreaction_fbs_Configuration"
},
"maxConsecutiveErrors" : {
"type" : "integer", "minimum" : 0, "maximum" : 4294967295,
"default" : 0
}
},
"additionalProperties" : false
},
"common_scheduler_watchdog_fbs_Type" : {
"type" : "object",
"description" : "Type of watchdog of the task",
"properties" : {
"type" : {
"$ref" : "#/definitions/common_scheduler_watchdog_fbs_CurrentType",
"description" : "Type of watchdog of the task",
"default" : "CYCLE"
}
},
"additionalProperties" : false
},
"common_scheduler_watchdog_fbs_Watchdog" : {
"type" : "object",
"properties" : {
"name" : {
"type" : "string"
},
"type" : {
"$ref" : "#/definitions/common_scheduler_watchdog_fbs_Type"
},
"variant_type" : {
"$ref" : "#/definitions/common_scheduler_watchdog_fbs_WatchdogVariant",
"default" : "NONE"
},
"variant" : {
"anyOf": [{ "$ref" : "#/definitions/common_scheduler_watchdog_fbs_Cyclic" }]
}
},
"additionalProperties" : false
}
},
"$ref" : "#/definitions/common_scheduler_fbs2_Programs"
}
