{
    "$persistence_header": {
        "bfbs": "./bfbs/components.bfbs",
        "version": "0.0.2"
    },
    "$schema": "./types/components_schema.json",
    "versions": [
        {
            "active": true,
            "addInfo": [],
            "appName": "app.motion",
            "branch": "hotfix_RM2503",
            "buildNumber": 2081,
            "commit": "",
            "majorVersion": 8,
            "minorVersion": 12,
            "name": "com.boschrexroth.motion.drivecommands",
            "patchVersion": 4,
            "type": "EXTENSION_BUNDLE_MOTION",
            "versionString": "8.12.4-hotfix_RM2503.2081"
        },
        {
            "active": true,
            "addInfo": [],
            "appName": "app.motion",
            "branch": "hotfix_RM2503",
            "buildNumber": 2085,
            "commit": "5e5c335f06dba993031400690535b7a41d26ba74",
            "majorVersion": 2,
            "minorVersion": 22,
            "name": "com.boschrexroth.motion.robotics",
            "patchVersion": 4,
            "type": "EXTENSION_BUNDLE_MOTION",
            "versionString": "2.22.4-hotfix_RM2503.2085"
        },
        {
            "active": true,
            "addInfo": [],
            "appName": "app.motion",
            "branch": "hotfix_RM2503",
            "buildNumber": 1135,
            "commit": "",
            "majorVersion": 5,
            "minorVersion": 6,
            "name": "com.boschrexroth.motion.script",
            "patchVersion": 4,
            "type": "EXTENSION_BUNDLE_MOTION",
            "versionString": "5.6.4-hotfix_RM2503.1135"
        },
        {
            "active": true,
            "addInfo": [],
            "appName": "app.motion",
            "branch": "unknown_branch",
            "buildNumber": 0,
            "commit": "unknown_commit",
            "majorVersion": 3,
            "minorVersion": 8,
            "name": "com.boschrexroth.motion.somo_release",
            "patchVersion": 14,
            "type": "EXTENSION_BUNDLE_MOTION",
            "versionString": "3.8.14-unknown_branch-unknown_commit.0"
        },
        {
            "active": true,
            "addInfo": [],
            "appName": "app.motion",
            "branch": "hotfix_RM2503",
            "buildNumber": 6224,
            "commit": "838d8f15ccc041b3c02e5eb99d965ad3ea2f9be3",
            "majorVersion": 4,
            "minorVersion": 33,
            "name": "com.boschrexroth.motion.sync",
            "patchVersion": 5,
            "type": "EXTENSION_BUNDLE_MOTION",
            "versionString": "4.33.5-hotfix_RM2503.6224"
        },
        {
            "active": true,
            "addInfo": [],
            "appName": "app.motion",
            "branch": "master",
            "buildNumber": 1150,
            "commit": "",
            "majorVersion": 11,
            "minorVersion": 9,
            "name": "motion.lib.base",
            "patchVersion": 2,
            "type": "CORE_LIB",
            "versionString": "11.9.2-master.1150"
        },
        {
            "active": true,
            "addInfo": [],
            "appName": "app.motion",
            "branch": "hotfix_RM2503",
            "buildNumber": 1938,
            "commit": "247121f3d1f6ff16008b23b3dcb6edec0c6c71b8",
            "majorVersion": 21,
            "minorVersion": 1,
            "name": "motion.lib.common",
            "patchVersion": 8,
            "type": "CORE_LIB",
            "versionString": "21.1.8-hotfix_RM2503.1938"
        },
        {
            "active": true,
            "addInfo": [],
            "appName": "app.motion",
            "branch": "hotfix_RM2503",
            "buildNumber": 4260,
            "commit": "3f5650fa8dec9882822870055249a00f57ea1d1b",
            "majorVersion": 25,
            "minorVersion": 5,
            "name": "motion.lib.math",
            "patchVersion": 6,
            "type": "CORE_LIB",
            "versionString": "25.5.6-hotfix_RM2503.4260"
        },
        {
            "active": true,
            "addInfo": [],
            "appName": "app.motion",
            "branch": "hotfix_RM2503",
            "buildNumber": 2047,
            "commit": "a1a3f635146f560cb8fce19e6c048f184bb8698d",
            "majorVersion": 28,
            "minorVersion": 3,
            "name": "motion.lib.kinematics",
            "patchVersion": 5,
            "type": "CORE_LIB",
            "versionString": "28.3.5-hotfix_RM2503.2047"
        },
        {
            "active": true,
            "addInfo": [],
            "appName": "app.motion",
            "branch": "hotfix_RM2503",
            "buildNumber": 3587,
            "commit": "",
            "majorVersion": 49,
            "minorVersion": 3,
            "name": "motion.lib.jobs",
            "patchVersion": 5,
            "type": "CORE_LIB",
            "versionString": "49.3.5-hotfix_RM2503.3587"
        },
        {
            "active": true,
            "addInfo": [],
            "appName": "app.motion",
            "branch": "hotfix_RM2503",
            "buildNumber": 4211,
            "commit": "2f81fa209389f74fe8ef87feea42137fa88c3f61",
            "majorVersion": 39,
            "minorVersion": 3,
            "name": "motion.lib.commands",
            "patchVersion": 6,
            "type": "CORE_LIB",
            "versionString": "39.3.6-hotfix_RM2503.4211"
        },
        {
            "active": true,
            "addInfo": [],
            "appName": "app.motion",
            "branch": "hotfix_RM2503",
            "buildNumber": 3104,
            "commit": "8cb8becb764f113d3577ba91d9e0e678f1efa2d3",
            "majorVersion": 20,
            "minorVersion": 8,
            "name": "motion.lib.provider",
            "patchVersion": 9,
            "type": "CORE_LIB",
            "versionString": "20.8.9-hotfix_RM2503.3104"
        },
        {
            "active": true,
            "addInfo": [],
            "appName": "app.motion",
            "branch": "hotfix_RM2503",
            "buildNumber": 15640,
            "commit": "32506972b874b2af1a1e3094d631bba0c6fe025c",
            "majorVersion": 81,
            "minorVersion": 5,
            "name": "motion.core",
            "patchVersion": 3,
            "type": "MOTION_CORE",
            "versionString": "81.5.3-hotfix_RM2503.15640"
        },
        {
            "active": true,
            "addInfo": [],
            "appName": "app.motion",
            "branch": "hotfix_RM2503",
            "buildNumber": 4309,
            "commit": "a646fa1a85bb7cbe05d27293366e3547e8534688",
            "majorVersion": 19,
            "minorVersion": 0,
            "name": "comm.axisprofile",
            "patchVersion": 4,
            "type": "OTHER_BUNDLE",
            "versionString": "19.0.4-hotfix_RM2503.4309"
        }
    ]
}