{
    "$persistence_header": {
        "bfbs": "./bfbs/components.bfbs",
        "version": "0.0.2"
    },
    "$schema": "./types/components_schema.json",
    "versions": [
        {
            "addInfo": [],
            "branch": "hotfix_RM2403",
            "buildNumber": 658,
            "commit": "",
            "majorVersion": 7,
            "minorVersion": 14,
            "name": "motion.lib.base",
            "patchVersion": 6,
            "type": "CORE_LIB",
            "versionString": "7.14.6-hotfix_RM2403.658"
        },
        {
            "addInfo": [],
            "branch": "hotfix_RM2403",
            "buildNumber": 1634,
            "commit": "",
            "majorVersion": 16,
            "minorVersion": 3,
            "name": "motion.lib.common",
            "patchVersion": 1,
            "type": "CORE_LIB",
            "versionString": "16.3.1-hotfix_RM2403.1634"
        },
        {
            "addInfo": [],
            "branch": "hotfix_RM2403",
            "buildNumber": 4039,
            "commit": "",
            "majorVersion": 24,
            "minorVersion": 3,
            "name": "motion.lib.math",
            "patchVersion": 7,
            "type": "CORE_LIB",
            "versionString": "24.3.7-hotfix_RM2403.4039"
        },
        {
            "addInfo": [],
            "branch": "hotfix_RM2403",
            "buildNumber": 1838,
            "commit": "",
            "majorVersion": 20,
            "minorVersion": 1,
            "name": "motion.lib.kinematics",
            "patchVersion": 1,
            "type": "CORE_LIB",
            "versionString": "20.1.1-hotfix_RM2403.1838"
        },
        {
            "addInfo": [],
            "branch": "hotfix_RM2403",
            "buildNumber": 3109,
            "commit": "",
            "majorVersion": 40,
            "minorVersion": 5,
            "name": "motion.lib.jobs",
            "patchVersion": 2,
            "type": "CORE_LIB",
            "versionString": "40.5.2-hotfix_RM2403.3109"
        },
        {
            "addInfo": [],
            "branch": "hotfix_RM2403",
            "buildNumber": 2070,
            "commit": "",
            "majorVersion": 9,
            "minorVersion": 5,
            "name": "motion.lib.jobs-ex",
            "patchVersion": 1,
            "type": "CORE_LIB",
            "versionString": "9.5.1-hotfix_RM2403.2070"
        },
        {
            "addInfo": [],
            "branch": "hotfix_RM2403",
            "buildNumber": 3757,
            "commit": "",
            "majorVersion": 34,
            "minorVersion": 4,
            "name": "motion.lib.commands",
            "patchVersion": 1,
            "type": "CORE_LIB",
            "versionString": "34.4.1-hotfix_RM2403.3757"
        },
        {
            "addInfo": [],
            "branch": "hotfix_RM2403",
            "buildNumber": 2571,
            "commit": "",
            "majorVersion": 18,
            "minorVersion": 11,
            "name": "motion.lib.provider",
            "patchVersion": 1,
            "type": "CORE_LIB",
            "versionString": "18.11.1-hotfix_RM2403.2571"
        },
        {
            "addInfo": [],
            "branch": "hotfix_RM2403",
            "buildNumber": 14388,
            "commit": "",
            "majorVersion": 60,
            "minorVersion": 0,
            "name": "motion.core",
            "patchVersion": 3,
            "type": "MOTION_CORE",
            "versionString": "60.0.3-hotfix_RM2403.14388"
        },
        {
            "addInfo": [],
            "branch": "hotfix_RM2403",
            "buildNumber": 4088,
            "commit": "5d0cb4c30cb2a31f983e6f6bc4a567d8eec3c4be",
            "majorVersion": 16,
            "minorVersion": 0,
            "name": "comm.axisprofile",
            "patchVersion": 3,
            "type": "OTHER_BUNDLE",
            "versionString": "16.0.3-hotfix_RM2403.4088"
        }
    ]
}