{
    "$persistence_header": {
        "bfbs": "./bfbs/admin2.bfbs",
        "version": "0.0.2"
    },
    "$schema": "./types/admin2_schema.json",
    "callableTimeouts": {
        "begin": 1000,
        "end": 1000,
        "execute": 60000
    },
    "controlDebug_type": "NONE",
    "cpuInfo": {
        "cpuCoreAutomation": 3,
        "cpuCoreHwWdg": 3,
        "cpuCoreNonRealtimeDefault": 0,
        "cpuCoreNonRealtimeMax": 2,
        "cpuCoreNonRealtimeMin": 0,
        "cpuCorePtpTimer": 3,
        "cpuCoreRealtimeDefault": 3,
        "cpuCoreRealtimeMax": 3,
        "cpuCoreRealtimeMin": 3,
        "cpuCoreScheduler": 3,
        "cpuCoresActive": [
            0,
            1,
            2,
            3
        ],
        "cpuCoresNonRealtime": [
            0,
            1,
            2
        ],
        "cpuCoresRealtime": [
            3
        ],
        "cpuCoresTotal": [
            0,
            1,
            2,
            3
        ],
        "variationId": "2"
    },
    "hardwareWatchdogRequired": true,
    "programConfigurationMode": "AUTOMATIC",
    "startupErrorReaction": "CONTINUE",
    "startupState": "OPERATING",
    "startupTimeout": 0,
    "triggerSource": "INTERRUPT",
    "utilization": {
        "error": 75,
        "warning": 50
    },
    "watchdogDefaultValue": "WDG_DEFAULT"
}