{
    "$persistence_header": {
        "bfbs": "./bfbs/programs2.bfbs",
        "version": "0.0.2"
    },
    "$schema": "./types/programs2_schema.json",
    "callablePool": [
        "axisprofile",
        "motion",
        "motion-high-prio-prep",
        "persist-nvram",
        "plc-after-ctrlx-ethercat-master",
        "plc-after-ctrlx-motion-value-generation",
        "plc-after-ctrlx-profinet-device",
        "plc-before-ctrlx-motion-value-generation",
        "plc-external-event",
        "plc-sched-state"
    ],
    "programs": [
        {
            "callables": [
                {
                    "alias": "adaption",
                    "arguments": [
                        "adaption"
                    ],
                    "id": "23",
                    "index": 0,
                    "name": "axisprofile",
                    "sync": {
                        "after": [
                            "axisprofile-adaption-entry",
                            "fieldbuses-exit"
                        ],
                        "before": [
                            "axisprofile-adaption-exit"
                        ]
                    },
                    "watchdog": "WDG_HW_TASK"
                },
                {
                    "alias": "determine-state",
                    "arguments": [
                        "determine-state"
                    ],
                    "id": "24",
                    "index": 0,
                    "name": "motion",
                    "sync": {
                        "after": [
                            "motion-entry",
                            "motion-determine-state-entry",
                            "axisprofile-adaption-exit",
                            "fieldbuses-exit"
                        ],
                        "before": [
                            "motion-determine-state-exit"
                        ]
                    },
                    "watchdog": "WDG_HW_TASK"
                },
                {
                    "alias": "value-generation",
                    "arguments": [
                        "value-generation"
                    ],
                    "id": "25",
                    "index": 0,
                    "name": "motion",
                    "sync": {
                        "after": [
                            "motion-value-generation-entry",
                            "axisprofile-adaption-exit",
                            "motion-determine-state-exit"
                        ],
                        "before": [
                            "motion-exit",
                            "motion-value-generation-exit"
                        ]
                    },
                    "watchdog": "WDG_HW_TASK"
                },
                {
                    "alias": "distribution",
                    "arguments": [
                        "distribution"
                    ],
                    "id": "26",
                    "index": 0,
                    "name": "axisprofile",
                    "sync": {
                        "after": [
                            "axisprofile-distribution-entry",
                            "motion-exit"
                        ],
                        "before": [
                            "axisprofile-distribution-exit"
                        ]
                    },
                    "watchdog": "WDG_HW_TASK"
                }
            ],
            "sequence": [
                "23",
                "24",
                "25",
                "26"
            ],
            "task": {
                "affinity": 5,
                "cycletime": 2000,
                "event": "cyclic",
                "name": "ctrlXAutomation",
                "priority": 23,
                "stacksize": 131072
            },
            "watchdog": {
                "name": "cyclic",
                "type": {
                    "type": "CYCLE"
                },
                "variant": {
                    "errorCount": 0,
                    "errorReaction": {
                        "class": {
                            "type": "F6"
                        },
                        "configuration": {
                            "type": "CONTINUE"
                        },
                        "maxConsecutiveErrors": 10
                    },
                    "reset": false
                },
                "variant_type": "Cyclic"
            }
        },
        {
            "callables": [
                {
                    "alias": "motion-high-prio-prep",
                    "arguments": [],
                    "id": "22",
                    "index": 0,
                    "name": "motion-high-prio-prep",
                    "sync": {
                        "after": [
                            "motion-high-prio-prep-entry"
                        ],
                        "before": [
                            "motion-high-prio-prep-exit"
                        ]
                    },
                    "watchdog": "WDG_NONE"
                }
            ],
            "sequence": [
                "22"
            ],
            "task": {
                "affinity": 5,
                "cycletime": 2000,
                "event": "cyclic",
                "name": "motionHighPrep",
                "priority": 27,
                "stacksize": 131072
            }
        },
        {
            "callables": [
                {
                    "alias": "",
                    "arguments": [],
                    "id": "27",
                    "index": 0,
                    "name": "persist-nvram",
                    "sync": {
                        "after": [],
                        "before": []
                    },
                    "watchdog": "WDG_NONE"
                },
                {
                    "alias": "PlcNotifySchedState",
                    "arguments": [],
                    "id": "28",
                    "index": 0,
                    "name": "plc-sched-state",
                    "sync": {
                        "after": [],
                        "before": []
                    },
                    "watchdog": "WDG_HW"
                }
            ],
            "sequence": [
                "27",
                "28"
            ],
            "task": {
                "affinity": 4,
                "cycletime": 20000,
                "event": "cyclic",
                "name": "schedBackground",
                "priority": 37,
                "stacksize": 131072
            }
        }
    ]
}