{
    "$persistence_header": {
        "bfbs": "./bfbs/programs2.bfbs",
        "version": "0.0.2"
    },
    "$schema": "./types/programs2_schema.json",
    "callablePool": [
        "axisprofile",
        "motion",
        "motion-high-prio-prep",
        "persist-nvram",
        "plc-after-ctrlx-ethercat-master",
        "plc-after-ctrlx-motion-value-generation",
        "plc-after-ctrlx-profinet-device",
        "plc-external-event",
        "plc-sched-state"
    ],
    "programs": [
        {
            "callables": [
                {
                    "alias": "adaption",
                    "arguments": [
                        "adaption"
                    ],
                    "id": "50",
                    "index": 0,
                    "name": "axisprofile",
                    "sync": {
                        "after": [
                            "axisprofile-adaption-entry",
                            "fieldbuses-exit"
                        ],
                        "before": [
                            "axisprofile-adaption-exit"
                        ]
                    },
                    "watchdog": "WDG_HW_TASK"
                },
                {
                    "alias": "motion",
                    "arguments": [],
                    "id": "51",
                    "index": 0,
                    "name": "motion",
                    "sync": {
                        "after": [
                            "motion-entry",
                            "axisprofile-adaption-exit",
                            "fieldbuses-exit"
                        ],
                        "before": [
                            "motion-exit",
                            "motion-value-generation-exit"
                        ]
                    },
                    "watchdog": "WDG_HW_TASK"
                },
                {
                    "alias": "distribution",
                    "arguments": [
                        "distribution"
                    ],
                    "id": "52",
                    "index": 0,
                    "name": "axisprofile",
                    "sync": {
                        "after": [
                            "axisprofile-distribution-entry",
                            "motion-exit"
                        ],
                        "before": [
                            "axisprofile-distribution-exit"
                        ]
                    },
                    "watchdog": "WDG_HW_TASK"
                }
            ],
            "sequence": [
                "50",
                "51",
                "52"
            ],
            "task": {
                "affinity": 3,
                "cycletime": 2000,
                "event": "cyclic",
                "name": "ctrlXAutomation",
                "priority": 23,
                "stacksize": 131072
            },
            "watchdog": {
                "name": "cyclic",
                "type": {
                    "type": "CYCLE"
                },
                "variant": {
                    "errorCount": 0,
                    "errorReaction": {
                        "class": {
                            "type": "F6"
                        },
                        "configuration": {
                            "type": "CONTINUE"
                        },
                        "maxConsecutiveErrors": 10
                    },
                    "reset": false
                },
                "variant_type": "Cyclic"
            }
        },
        {
            "callables": [
                {
                    "alias": "motion-high-prio-prep",
                    "arguments": [],
                    "id": "49",
                    "index": 0,
                    "name": "motion-high-prio-prep",
                    "sync": {
                        "after": [
                            "motion-high-prio-prep-entry"
                        ],
                        "before": [
                            "motion-high-prio-prep-exit"
                        ]
                    },
                    "watchdog": "WDG_NONE"
                }
            ],
            "sequence": [
                "49"
            ],
            "task": {
                "affinity": 3,
                "cycletime": 2000,
                "event": "cyclic",
                "name": "motionHighPrep",
                "priority": 27,
                "stacksize": 131072
            }
        },
        {
            "callables": [
                {
                    "alias": "",
                    "arguments": [],
                    "id": "53",
                    "index": 0,
                    "name": "persist-nvram",
                    "sync": {
                        "after": [],
                        "before": []
                    },
                    "watchdog": "WDG_NONE"
                },
                {
                    "alias": "PlcNotifySchedState",
                    "arguments": [],
                    "id": "54",
                    "index": 0,
                    "name": "plc-sched-state",
                    "sync": {
                        "after": [],
                        "before": []
                    },
                    "watchdog": "WDG_HW"
                }
            ],
            "sequence": [
                "53",
                "54"
            ],
            "task": {
                "affinity": 3,
                "cycletime": 20000,
                "event": "cyclic",
                "name": "schedBackground",
                "priority": 37,
                "stacksize": 131072
            }
        }
    ]
}