{
"$schema": "https://json-schema.org/draft/2019-09/schema",
"definitions": {
"motion_core_fbtypes_Meaning" : {
"type" : "string",
"enum": ["X", "Y", "Z", "AX1", "AX2", "AX3", "AX4", "AX5", "AX6", "AX7", "AX8", "AX9", "AX10", "AX11", "AX12", "AX13", "AX14", "AX15", "AX16", "EUL1_ZYZ_I", "EUL2_ZYZ_I", "EUL3_ZYZ_I", "EUL1_XYZ_E", "EUL2_XYZ_E", "EUL3_XYZ_E", "EUL1_ZYX_E", "EUL2_ZYX_E", "EUL3_ZYX_E", "OX", "OY", "OZ", "QX", "QY", "QZ", "QW", "AAX", "AAY", "AAZ", "AAA", "JT_HINT1", "JT_HINT2", "JT_HINT3", "JT_HINT4", "JT_HINT5", "JT_HINT6", "JT_HINT7", "JT_HINT8", "JT_HINT9", "JT_HINT10", "JT_HINT11", "JT_HINT12", "JT_HINT13", "JT_HINT14", "JT_HINT15", "JT_HINT16"]
},
"motion_robotics_fbtypes_ReferenceSystem" : {
"type" : "string",
"enum": ["UNDEFINED", "CUSTOM", "ACS", "MCS"]
},
"motion_robotics_fbtypes_Point" : {
"type" : "object",
"properties" : {
"name" : {
"type" : "string"
},
"position" : {
"$ref" : "#/definitions/motion_robotics_fbtypes_Position"
},
"referenceSystem" : {
"$ref" : "#/definitions/motion_robotics_fbtypes_ReferenceSystem",
"default" : "UNDEFINED"
},
"description" : {
"type" : "string"
},
"uiData" : {
"type" : "string"
}
},
"required" : ["name"],
"additionalProperties" : false
},
"motion_robotics_fbtypes_PointCollection" : {
"type" : "object",
"properties" : {
"points" : {
"type" : "array", "items" : {"$ref" : "#/definitions/motion_robotics_fbtypes_Point"}
}
},
"additionalProperties" : false
},
"motion_robotics_fbtypes_Position" : {
"type" : "object",
"properties" : {
"entries" : {
"type" : "array", "items" : {"$ref" : "#/definitions/motion_robotics_fbtypes_PositionEntry"}
}
},
"additionalProperties" : false
},
"motion_robotics_fbtypes_PositionEntry" : {
"type" : "object",
"properties" : {
"meaning" : {
"$ref" : "#/definitions/motion_core_fbtypes_Meaning",
"default" : "X"
},
"value" : {
"type" : "number",
"default" : 0.0
},
"unit" : {
"type" : "string"
}
},
"additionalProperties" : false
}
},
"$ref" : "#/definitions/motion_robotics_fbtypes_PointCollection"
}
