{
    "$persistence_header": {
        "bfbs": "./bfbs/cfg.bfbs",
        "version": "0.0.2"
    },
    "$schema": "./types/cfg_schema.json",
    "axsCfg": [
        {
            "acsIndex": 0,
            "axsDir": "+",
            "axsMeaning": "MAIN_AXIS_X",
            "axsName": "X"
        },
        {
            "acsIndex": 1,
            "axsDir": "+",
            "axsMeaning": "MAIN_AXIS_Y",
            "axsName": "Y"
        },
        {
            "acsIndex": 2,
            "axsDir": "+",
            "axsMeaning": "MAIN_AXIS_Z",
            "axsName": "Z"
        }
    ],
    "dynamics": {
        "feedGroup": {
            "type": "FG_XYZ"
        }
    },
    "functions": {
        "kinCfgBeltSyncAll": {
            "belts": [],
            "errorCfg": {
                "errorReactionType": "RETRACT_FIRST_AND_THEN_DESYNC",
                "kinBeltRetractDirectionType": "Z_POSITIVE",
                "retractMotionLimits": {
                    "acc": 2.0,
                    "accUnit": "m/s^2",
                    "dec": 2.0,
                    "decUnit": "m/s^2",
                    "jrkAcc": 0.0,
                    "jrkAccUnit": "m/s^3",
                    "jrkDec": 0.0,
                    "jrkDecUnit": "m/s^3",
                    "vel": 6000.0,
                    "velUnit": "mm/min"
                },
                "retractPlaneValue": 0.0,
                "retractPlaneValueUnit": "mm"
            }
        },
        "kinCfgDriveSLS": {
            "vel": 60.0,
            "velUnit": "mm/min"
        }
    },
    "geometry": {
        "orientation": {
            "lim": {
                "acc": 90.0,
                "accUnit": "deg/s^2",
                "dec": 90.0,
                "decUnit": "deg/s^2",
                "jrkAcc": 180.0,
                "jrkAccUnit": "deg/s^3",
                "jrkDec": 180.0,
                "jrkDecUnit": "deg/s^3",
                "vel": 45.0,
                "velUnit": "deg/s"
            },
            "rotToLinConversion": {
                "factor": 1.0,
                "unit_lin": "mm",
                "unit_rot": "deg"
            },
            "units": {
                "default": [
                    {
                        "abbreviation": "deg",
                        "valueType": "position+length"
                    },
                    {
                        "abbreviation": "deg/s",
                        "valueType": "velocity"
                    },
                    {
                        "abbreviation": "deg/s^2",
                        "valueType": "acceleration"
                    },
                    {
                        "abbreviation": "deg/s^3",
                        "valueType": "jerk"
                    }
                ]
            }
        },
        "singularity": {
            "epsilon": 10.0,
            "epsilonUnit": "mm"
        }
    },
    "limits": {
        "acc": 2.0,
        "accUnit": "m/s^2",
        "dec": 2.0,
        "decUnit": "m/s^2",
        "jrkAcc": 0.0,
        "jrkAccUnit": "m/s^3",
        "jrkDec": 0.0,
        "jrkDecUnit": "m/s^3",
        "vel": 6000.0,
        "velUnit": "mm/min"
    },
    "mcs": {
        "axsTrafoSets": [
            {
                "jntTrafo": "Cartesian_XYZ",
                "name": "Cartesian_XYZ",
                "param": {
                    "axisAssignment": {
                        "assignment": [
                            {
                                "axisName": "LinX",
                                "indexACS": 0
                            },
                            {
                                "axisName": "LinY",
                                "indexACS": 1
                            },
                            {
                                "axisName": "LinZ",
                                "indexACS": 2
                            }
                        ]
                    },
                    "axisOffsets": {
                        "offsets": [
                            {
                                "axisName": "X",
                                "valid": true,
                                "zeroOffset": 0.0,
                                "zeroOffsetUnit": "mm"
                            },
                            {
                                "axisName": "Y",
                                "valid": true,
                                "zeroOffset": 0.0,
                                "zeroOffsetUnit": "mm"
                            },
                            {
                                "axisName": "Z",
                                "valid": true,
                                "zeroOffset": 0.0,
                                "zeroOffsetUnit": "mm"
                            }
                        ]
                    },
                    "groups": []
                },
                "uiData": "{\"assignment\":[{\"axisName\":\"LinX\",\"indexACS\":0},{\"axisName\":\"LinY\",\"indexACS\":1},{\"axisName\":\"LinZ\",\"indexACS\":2}]}"
            }
        ],
        "useAxisTrafoFallback": true,
        "useKinAxesFallback": true
    },
    "objectType": "Kinematics",
    "prepLimits": {
        "maxCmdsInBuffer": 100
    },
    "rtInputs": {
        "doubleArraySize": 0,
        "int64ArraySize": 0
    },
    "units": {
        "default": [
            {
                "abbreviation": "mm",
                "valueType": "position+length"
            },
            {
                "abbreviation": "mm/min",
                "valueType": "velocity"
            },
            {
                "abbreviation": "m/s^2",
                "valueType": "acceleration"
            },
            {
                "abbreviation": "m/s^3",
                "valueType": "jerk"
            },
            {
                "abbreviation": "N",
                "valueType": "force"
            },
            {
                "abbreviation": "Nm",
                "valueType": "torque"
            },
            {
                "abbreviation": "s",
                "valueType": "time"
            },
            {
                "abbreviation": "Hz",
                "valueType": "frequency"
            },
            {
                "abbreviation": "Nm/s",
                "valueType": "torque_ramp"
            }
        ],
        "position": [
            "mm",
            "mm",
            "mm",
            "deg",
            "deg",
            "deg",
            "mm",
            "mm",
            "mm",
            "mm",
            "mm",
            "mm",
            "mm",
            "mm",
            "mm",
            "mm"
        ]
    }
}