{
    "$persistence_header": {
        "bfbs": "./bfbs/probe.bfbs",
        "version": "0.0.2"
    },
    "$schema": "./types/probe_schema.json",
    "deadTime": {
        "negEdgeNS": 0.0,
        "posEdgeNS": 0.0
    },
    "edge": {
        "diffType": "DIFF_DISABLED",
        "negEdge": false,
        "posEdge": false
    },
    "expWin": {
        "enable": false,
        "end": 0.0,
        "start": 0.0
    },
    "interpType": "LINEAR",
    "mkrFail": {
        "enable": false,
        "maxNum": 0
    },
    "signal": {
        "select": "ENCODER_1",
        "shotType": "SINGLE_SHOT",
        "source": "",
        "sourceInfo": ""
    }
}