#Object,GroupRights(group=,rights=,deniedrights=)
<object name="/"/>,<group name="plc" rights=0xffffffff deniedrights=0x00000000/>,<group name="grp_engineer" rights=0xffffffff deniedrights=0x00000000/>
<object name="/_cnc"/>,<group name="plc" rights=0x00000000 deniedrights=0x00000000/>,<group name="grp_engineer" rights=0x00000000 deniedrights=0x00000000/>
<object name="/visu"/>,<group name="plc" rights=0x00000000 deniedrights=0x00000000/>,<group name="grp_engineer" rights=0x00000000 deniedrights=0x00000000/>
<object name="/PlcLogic"/>,<group name="plc" rights=0x00000000 deniedrights=0x00000000/>,<group name="grp_engineer" rights=0x00000000 deniedrights=0x00000000/>
<object name="/$cert$"/>,<group name="plc" rights=0x00000000 deniedrights=0x00000000/>,<group name="grp_engineer" rights=0x00000000 deniedrights=0x00000000/>
<object name="/$cert$/import"/>,<group name="plc" rights=0x00000000 deniedrights=0x00000000/>,<group name="grp_engineer" rights=0x00000000 deniedrights=0x00000000/>
<object name="/$cert$/export"/>,<group name="plc" rights=0x00000000 deniedrights=0x00000000/>,<group name="grp_engineer" rights=0x00000000 deniedrights=0x00000000/>
<object name="Device"/>,<group name="plc" rights=0xffffffff deniedrights=0x00000000/>,<group name="grp_engineer" rights=0xffffffff deniedrights=0x00000000/>
<object name="Device.PlcLogic"/>,<group name="plc" rights=0xffffffff deniedrights=0x00000000/>,<group name="grp_engineer" rights=0xffffffff deniedrights=0x00000000/>
<object name="Device.PlcLogic.__Backup&Restore"/>,<group name="plc" rights=0xffffffff deniedrights=0x00000000/>,<group name="grp_engineer" rights=0xffffffff deniedrights=0x00000000/>
<object name="Device.Logger"/>,<group name="plc" rights=0xffffffff deniedrights=0x00000000/>,<group name="grp_engineer" rights=0xffffffff deniedrights=0x00000000/>
<object name="Device.Settings"/>,<group name="plc" rights=0xffffffff deniedrights=0x00000000/>,<group name="grp_engineer" rights=0xffffffff deniedrights=0x00000000/>
<object name="Device.Settings.SecuritySettings"/>,<group name="plc" rights=0x00000000 deniedrights=0x00000000/>,<group name="grp_engineer" rights=0x00000000 deniedrights=0x00000000/>
<object name="Device.UserManagement"/>,<group name="plc" rights=0xffffffff deniedrights=0x00000000/>,<group name="grp_engineer" rights=0xffffffff deniedrights=0x00000000/>
<object name="Device.UserManagement.Groups"/>,<group name="plc" rights=0x00000000 deniedrights=0x00000000/>,<group name="grp_engineer" rights=0x00000000 deniedrights=0x00000000/>
<object name="Device.UserManagement.Users"/>,<group name="plc" rights=0x00000000 deniedrights=0x00000000/>,<group name="grp_engineer" rights=0x00000000 deniedrights=0x00000000/>
<object name="Device.UserManagement.Access Rights"/>,<group name="plc" rights=0x00000000 deniedrights=0x00000000/>,<group name="grp_engineer" rights=0x00000000 deniedrights=0x00000000/>
<object name="Device.UserManagement.Groups.grp_engineer"/>,<group name="plc" rights=0x00000000 deniedrights=0x00000000/>,<group name="grp_engineer" rights=0x00000000 deniedrights=0x00000000/>
<object name="Device.UserManagement.Groups.grp_maintenance"/>,<group name="plc" rights=0x00000000 deniedrights=0x00000000/>,<group name="grp_engineer" rights=0x00000000 deniedrights=0x00000000/>
<object name="Device.UserManagement.Groups.grp_operator"/>,<group name="plc" rights=0x00000000 deniedrights=0x00000000/>,<group name="grp_engineer" rights=0x00000000 deniedrights=0x00000000/>
<object name="Device.UserManagement.Groups.plc"/>,<group name="plc" rights=0x00000000 deniedrights=0x00000000/>,<group name="grp_engineer" rights=0x00000000 deniedrights=0x00000000/>
<object name="Device.PlcShell"/>,<group name="plc" rights=0xffffffff deniedrights=0x00000000/>,<group name="grp_engineer" rights=0xffffffff deniedrights=0x00000000/>
<object name="Device.X509"/>,<group name="plc" rights=0xffffffff deniedrights=0x00000000/>,<group name="grp_engineer" rights=0xffffffff deniedrights=0x00000000/>
<object name="Device.X509.ImportCertificate"/>,<group name="plc" rights=0x00000000 deniedrights=0x00000000/>,<group name="grp_engineer" rights=0x00000000 deniedrights=0x00000000/>
<object name="Device.X509.ExportCertificate"/>,<group name="plc" rights=0x00000000 deniedrights=0x00000000/>,<group name="grp_engineer" rights=0x00000000 deniedrights=0x00000000/>
<object name="Device.X509.DeleteCertificate"/>,<group name="plc" rights=0x00000000 deniedrights=0x00000000/>,<group name="grp_engineer" rights=0x00000000 deniedrights=0x00000000/>
<object name="Device.X509.MoveCertificate"/>,<group name="plc" rights=0x00000000 deniedrights=0x00000000/>,<group name="grp_engineer" rights=0x00000000 deniedrights=0x00000000/>
<object name="Device.X509.ListCertificates"/>,<group name="plc" rights=0x00000000 deniedrights=0x00000000/>,<group name="grp_engineer" rights=0x00000000 deniedrights=0x00000000/>
<object name="Device.X509.ListUseCases"/>,<group name="plc" rights=0x00000000 deniedrights=0x00000000/>,<group name="grp_engineer" rights=0x00000000 deniedrights=0x00000000/>
<object name="Device.X509.CreateSelfSignedCertificate"/>,<group name="plc" rights=0x00000000 deniedrights=0x00000000/>,<group name="grp_engineer" rights=0x00000000 deniedrights=0x00000000/>
<object name="Device.X509.CreateCertificateSigningRequest"/>,<group name="plc" rights=0x00000000 deniedrights=0x00000000/>,<group name="grp_engineer" rights=0x00000000 deniedrights=0x00000000/>
<object name="Device.X509.GetStatus"/>,<group name="plc" rights=0x00000000 deniedrights=0x00000000/>,<group name="grp_engineer" rights=0x00000000 deniedrights=0x00000000/>
<object name="Device.X509.ImportPkcs12Keystore"/>,<group name="plc" rights=0x00000000 deniedrights=0x00000000/>,<group name="grp_engineer" rights=0x00000000 deniedrights=0x00000000/>
<object name="Device.X509.ExportPkcs12Keystore"/>,<group name="plc" rights=0x00000000 deniedrights=0x00000000/>,<group name="grp_engineer" rights=0x00000000 deniedrights=0x00000000/>
